publication_date,job_type,job,company,city,country
2024-06-06,external,Shift Supervisor Trainee,CVS Health,Honolulu, HI
2024-06-06,external,Pharmacy Manager,CVS Health,Smyrna, GA
2024-06-18,external,Account Manager,Adyen,Madrid, Spain
2024-06-06,external,Pharmacy Intern,CVS Health,Chicago, IL
2024-06-06,external,Store Associate,CVS Health,Summit, NJ
2024-06-06,external,Store Associate,CVS Health,Louisville, KY
2023-04-11,external,Construction Project Procurement Specialist I,Siemens,Charlotte, NC
2022-12-21,external,Cloud Data Analyst (m/f/d),Siemens,Alīpur, India
2024-07-20,external,Commercial Associate - Global Commercial Banking/Community Development Banking (Boston/New York),Bank of America,Boston, MA
2024-06-06,external,Dist Suppt Pharmacist FT,CVS Health,Plano, TX
2023-04-28,external,ATC MT DELIVERY MANAGER,Siemens,Barcelona, Spain
2023-02-16,external,Solution Architect Process Industry (f/m/d),Siemens,Berlin, Germany
2024-06-06,external,Pharmacy Technician,CVS Health,Niagara Falls, NY
2024-07-26,external,"Inside Account Manager, SMB Partnerships",DoorDash,Auckland, New Zealand
2024-06-06,external,Store Associate,CVS Health,Dublin, OH
2024-06-06,external,Staff Pharmacist FT,CVS Health,Waldorf, MD
2024-07-26,external,Merrill Financial Solutions Advisor - Palm Beach Market,Bank of America,Jupiter, FL
2023-05-16,external,IT Professional,Siemens,Santiago de Querétaro, Mexico
2024-06-06,external,Store Associate,CVS Health,Lafayette, IN
2024-06-06,external,Senior Account Management,CVS Health,Hartford, CT
